file,species,name,original_words,new_words,words_added,sections_expanded,sections_added
"/opt/build/repo/breeds/dogs/affenpinscher.html","dogs","Affenpinscher",1187,2984,1797,6,0
"/opt/build/repo/breeds/dogs/afghan-hound.html","dogs","Afghan Hound",1319,3159,1840,6,0
"/opt/build/repo/breeds/dogs/airedale-terrier.html","dogs","Airedale Terrier",1581,3422,1841,6,0
"/opt/build/repo/breeds/dogs/akbash.html","dogs","Akbash",1171,2967,1796,6,0
"/opt/build/repo/breeds/dogs/akita.html","dogs","Akita",1563,3349,1786,6,0
"/opt/build/repo/breeds/dogs/alaskan-klee-kai.html","dogs","Alaskan Klee Kai",1371,3255,1884,6,0
"/opt/build/repo/breeds/dogs/alaskan-malamute.html","dogs","Alaskan Malamute",1659,3493,1834,6,0
"/opt/build/repo/breeds/dogs/american-bulldog.html","dogs","American Bulldog",1502,3336,1834,6,0
"/opt/build/repo/breeds/dogs/american-eskimo-dog.html","dogs","American Eskimo Dog",1354,3237,1883,6,0
"/opt/build/repo/breeds/dogs/american-eskimo.html","dogs","American Eskimo Dog",1353,3236,1883,6,0
"/opt/build/repo/breeds/dogs/american-foxhound.html","dogs","American Foxhound",1232,3071,1839,6,0
"/opt/build/repo/breeds/dogs/american-pit-bull-terrier.html","dogs","American Pit Bull Terrier",1272,3208,1936,6,0
"/opt/build/repo/breeds/dogs/american-staffordshire-terrier.html","dogs","American Staffordshire Terrier",1491,3382,1891,6,0
"/opt/build/repo/breeds/dogs/american-water-spaniel.html","dogs","American Water Spaniel",1664,3617,1953,5,1
"/opt/build/repo/breeds/dogs/anatolian-shepherd.html","dogs","Anatolian Shepherd",1198,3039,1841,6,0
"/opt/build/repo/breeds/dogs/aussiedoodle.html","dogs","Aussiedoodle",1266,3064,1798,6,0
"/opt/build/repo/breeds/dogs/australian-cattle-dog.html","dogs","Australian Cattle Dog",1550,3445,1895,6,0
"/opt/build/repo/breeds/dogs/australian-kelpie.html","dogs","Australian Kelpie",1304,3148,1844,6,0
"/opt/build/repo/breeds/dogs/australian-shepherd.html","dogs","Australian Shepherd",1600,3442,1842,6,0
"/opt/build/repo/breeds/dogs/australian-terrier.html","dogs","Australian Terrier",1148,2985,1837,6,0
"/opt/build/repo/breeds/dogs/azawakh.html","dogs","Azawakh",1322,3116,1794,6,0
"/opt/build/repo/breeds/dogs/barbet.html","dogs","Barbet",1293,3090,1797,6,0
"/opt/build/repo/breeds/dogs/basenji.html","dogs","Basenji",1301,3088,1787,6,0
"/opt/build/repo/breeds/dogs/basenjis.html","dogs","Basenji",1337,3138,1801,6,0
"/opt/build/repo/breeds/dogs/basset-hound.html","dogs","Basset Hound",1433,3274,1841,6,0
"/opt/build/repo/breeds/dogs/beagle.html","dogs","Beagle",1897,3690,1793,6,0
"/opt/build/repo/breeds/dogs/bearded-collie.html","dogs","Bearded Collie",1334,3168,1834,6,0
"/opt/build/repo/breeds/dogs/beauceron.html","dogs","Beauceron",1227,3023,1796,6,0
"/opt/build/repo/breeds/dogs/belgian-malinois.html","dogs","Belgian Malinois",1490,3325,1835,6,0
"/opt/build/repo/breeds/dogs/belgian-sheepdog.html","dogs","Belgian Sheepdog",1335,3169,1834,6,0
"/opt/build/repo/breeds/dogs/belgian-tervuren.html","dogs","Belgian Tervuren",1477,3311,1834,6,0
"/opt/build/repo/breeds/dogs/bergamasco.html","dogs","Bergamasco",1303,3100,1797,6,0
"/opt/build/repo/breeds/dogs/berger-picard.html","dogs","Berger Picard",1275,3118,1843,6,0
"/opt/build/repo/breeds/dogs/bernedoodle.html","dogs","Bernedoodle",1309,3106,1797,6,0
"/opt/build/repo/breeds/dogs/bernese-mountain-dog.html","dogs","Bernese Mountain Dog",1785,3674,1889,6,0
"/opt/build/repo/breeds/dogs/bichon-frise.html","dogs","Bichon Frise",1293,3131,1838,6,0
"/opt/build/repo/breeds/dogs/black-and-tan-coonhound.html","dogs","Black and Tan Coonhound",1251,3186,1935,6,0
"/opt/build/repo/breeds/dogs/black-russian-terrier.html","dogs","Black Russian Terrier",1259,3151,1892,6,0
"/opt/build/repo/breeds/dogs/bloodhound.html","dogs","Bloodhound",1552,3337,1785,6,0
"/opt/build/repo/breeds/dogs/bluetick-coonhound.html","dogs","Bluetick Coonhound",1173,3013,1840,6,0
"/opt/build/repo/breeds/dogs/boerboel.html","dogs","Boerboel",1177,2974,1797,6,0
"/opt/build/repo/breeds/dogs/bohemian-shepherd.html","dogs","Bohemian Shepherd",1225,3064,1839,6,0
"/opt/build/repo/breeds/dogs/border-collie.html","dogs","Border Collie",1622,3471,1849,6,0
"/opt/build/repo/breeds/dogs/border-terrier.html","dogs","Border Terrier",1317,3150,1833,6,0
"/opt/build/repo/breeds/dogs/bordoodle.html","dogs","Bordoodle",1293,3078,1785,6,0
"/opt/build/repo/breeds/dogs/borzoi.html","dogs","Borzoi",1294,3090,1796,6,0
"/opt/build/repo/breeds/dogs/boston-terrier.html","dogs","Boston Terrier",1549,3393,1844,6,0
"/opt/build/repo/breeds/dogs/bouvier-des-flandres.html","dogs","Bouvier des Flandres",1286,3178,1892,6,0
"/opt/build/repo/breeds/dogs/boxer.html","dogs","Boxer",2100,3890,1790,6,0
"/opt/build/repo/breeds/dogs/boykin-spaniel.html","dogs","Boykin Spaniel",1638,3540,1902,5,1
"/opt/build/repo/breeds/dogs/bracco-italiano.html","dogs","Bracco Italiano",1633,3533,1900,5,1
"/opt/build/repo/breeds/dogs/briard.html","dogs","Briard",1239,3037,1798,6,0
"/opt/build/repo/breeds/dogs/brittany.html","dogs","Brittany",1486,3276,1790,6,0
"/opt/build/repo/breeds/dogs/brussels-griffon.html","dogs","Brussels Griffon",1216,3062,1846,6,0
"/opt/build/repo/breeds/dogs/bull-terrier.html","dogs","Bull Terrier",1318,3160,1842,6,0
"/opt/build/repo/breeds/dogs/bulldog.html","dogs","Bulldog (English Bulldog)",2170,4056,1886,6,0
"/opt/build/repo/breeds/dogs/bullmastiff.html","dogs","Bullmastiff",1180,2974,1794,6,0
"/opt/build/repo/breeds/dogs/cairn-terrier.html","dogs","Cairn Terrier",1213,3055,1842,6,0
"/opt/build/repo/breeds/dogs/canaan-dog.html","dogs","Canaan Dog",1279,3127,1848,6,0
"/opt/build/repo/breeds/dogs/cane-corso.html","dogs","Cane Corso",1629,3473,1844,6,0
"/opt/build/repo/breeds/dogs/cardigan-welsh-corgi.html","dogs","Cardigan Welsh Corgi",1255,3145,1890,6,0
"/opt/build/repo/breeds/dogs/carolina-dog.html","dogs","Carolina Dog",1281,3132,1851,6,0
"/opt/build/repo/breeds/dogs/carpathian-shepherd.html","dogs","Carpathian Shepherd",1186,3029,1843,6,0
"/opt/build/repo/breeds/dogs/caucasian-shepherd.html","dogs","Caucasian Shepherd",1228,3071,1843,6,0
"/opt/build/repo/breeds/dogs/cavachon.html","dogs","Cavachon",1163,2958,1795,6,0
"/opt/build/repo/breeds/dogs/cavalier-king-charles-spaniel.html","dogs","Cavalier King Charles Spaniel",1779,3717,1938,6,0
"/opt/build/repo/breeds/dogs/cavalier-king-charles.html","dogs","Cavalier King Charles Spaniel",1409,3339,1930,6,0
"/opt/build/repo/breeds/dogs/cavapoo.html","dogs","Cavapoo",1266,3060,1794,6,0
"/opt/build/repo/breeds/dogs/central-asian-shepherd.html","dogs","Central Asian Shepherd",1191,3082,1891,6,0
"/opt/build/repo/breeds/dogs/cesky-terrier.html","dogs","Cesky Terrier",1340,3173,1833,6,0
"/opt/build/repo/breeds/dogs/chesapeake-bay-retriever.html","dogs","Chesapeake Bay Retriever",1654,3537,1883,6,0
"/opt/build/repo/breeds/dogs/chi-poo.html","dogs","Chi-Poo",1290,3075,1785,6,0
"/opt/build/repo/breeds/dogs/chihuahua.html","dogs","Chihuahua",1447,3243,1796,6,0
"/opt/build/repo/breeds/dogs/chinese-crested.html","dogs","Chinese Crested",1233,3078,1845,6,0
"/opt/build/repo/breeds/dogs/chinese-shar-pei.html","dogs","Chinese Shar-Pei",1255,3096,1841,6,0
"/opt/build/repo/breeds/dogs/chorkie.html","dogs","Chorkie",1179,2977,1798,6,0
"/opt/build/repo/breeds/dogs/chow-chow.html","dogs","Chow Chow",1328,3165,1837,6,0
"/opt/build/repo/breeds/dogs/cirneco-dell-etna.html","dogs","Cirneco dell'Etna",1310,3154,1844,6,0
"/opt/build/repo/breeds/dogs/clumber-spaniel.html","dogs","Clumber Spaniel",1351,3192,1841,6,0
"/opt/build/repo/breeds/dogs/cockapoo.html","dogs","Cockapoo",1254,3053,1799,6,0
"/opt/build/repo/breeds/dogs/cocker-spaniel.html","dogs","Cocker Spaniel",1555,3392,1837,6,0
"/opt/build/repo/breeds/dogs/collie.html","dogs","Collie",1552,3346,1794,6,0
"/opt/build/repo/breeds/dogs/coton-de-tulear.html","dogs","Coton de Tulear",1367,3248,1881,6,0
"/opt/build/repo/breeds/dogs/croatian-sheepdog.html","dogs","Croatian Sheepdog",1333,3167,1834,6,0
"/opt/build/repo/breeds/dogs/dachshund.html","dogs","Dachshund",1811,3610,1799,6,0
"/opt/build/repo/breeds/dogs/dalmatian.html","dogs","Dalmatian",1389,3186,1797,6,0
"/opt/build/repo/breeds/dogs/dandie-dinmont-terrier.html","dogs","Dandie Dinmont Terrier",1384,3265,1881,6,0
"/opt/build/repo/breeds/dogs/doberman-pinscher.html","dogs","Doberman Pinscher",1636,3480,1844,6,0
"/opt/build/repo/breeds/dogs/dogo-argentino.html","dogs","Dogo Argentino",1201,3043,1842,6,0
"/opt/build/repo/breeds/dogs/dogue-de-bordeaux.html","dogs","Dogue de Bordeaux",1365,3247,1882,6,0
"/opt/build/repo/breeds/dogs/dutch-shepherd.html","dogs","Dutch Shepherd",1228,3072,1844,6,0
"/opt/build/repo/breeds/dogs/east-european-shepherd.html","dogs","East European Shepherd",1256,3148,1892,6,0
"/opt/build/repo/breeds/dogs/english-bulldog.html","dogs","English Bulldog",1328,3161,1833,6,0
"/opt/build/repo/breeds/dogs/english-cocker-spaniel.html","dogs","English Cocker Spaniel",1539,3422,1883,6,0
"/opt/build/repo/breeds/dogs/english-foxhound.html","dogs","English Foxhound",1294,3133,1839,6,0
"/opt/build/repo/breeds/dogs/english-setter.html","dogs","English Setter",1324,3159,1835,6,0
"/opt/build/repo/breeds/dogs/english-springer-spaniel.html","dogs","English Springer Spaniel",1530,3416,1886,6,0
"/opt/build/repo/breeds/dogs/english-toy-spaniel.html","dogs","English Toy Spaniel",1195,3087,1892,6,0
"/opt/build/repo/breeds/dogs/entlebucher-mountain-dog.html","dogs","Entlebucher Mountain Dog",1669,3622,1953,5,1
"/opt/build/repo/breeds/dogs/estrela-mountain-dog.html","dogs","Estrela Mountain Dog",1197,3088,1891,6,0
"/opt/build/repo/breeds/dogs/field-spaniel.html","dogs","Field Spaniel",1357,3201,1844,6,0
"/opt/build/repo/breeds/dogs/finnish-lapphund.html","dogs","Finnish Lapphund",1331,3165,1834,6,0
"/opt/build/repo/breeds/dogs/finnish-spitz.html","dogs","Finnish Spitz",1630,3532,1902,5,1
"/opt/build/repo/breeds/dogs/flat-coated-retriever.html","dogs","Flat-Coated Retriever",1698,3533,1835,6,0
"/opt/build/repo/breeds/dogs/fox-terrier-smooth.html","dogs","Smooth Fox Terrier",1380,3263,1883,6,0
"/opt/build/repo/breeds/dogs/foxhound.html","dogs","American Foxhound",1346,3179,1833,6,0
"/opt/build/repo/breeds/dogs/french-bulldog.html","dogs","French Bulldog",2003,3844,1841,6,0
"/opt/build/repo/breeds/dogs/german-pinscher.html","dogs","German Pinscher",1217,3060,1843,6,0
"/opt/build/repo/breeds/dogs/german-shepherd.html","dogs","German Shepherd",2315,4155,1840,6,0
"/opt/build/repo/breeds/dogs/german-shorthaired-pointer.html","dogs","German Shorthaired Pointer",1654,3549,1895,6,0
"/opt/build/repo/breeds/dogs/german-wirehaired-pointer.html","dogs","German Wirehaired Pointer",1303,3192,1889,6,0
"/opt/build/repo/breeds/dogs/giant-schnauzer.html","dogs","Giant Schnauzer",1212,3057,1845,6,0
"/opt/build/repo/breeds/dogs/golden-retriever.html","dogs","Golden Retriever",2496,4330,1834,6,0
"/opt/build/repo/breeds/dogs/goldendoodle.html","dogs","Goldendoodle",1315,3112,1797,6,0
"/opt/build/repo/breeds/dogs/gordon-setter.html","dogs","Gordon Setter",1317,3152,1835,6,0
"/opt/build/repo/breeds/dogs/great-dane.html","dogs","Great Dane",1821,3664,1843,6,0
"/opt/build/repo/breeds/dogs/great-pyrenees.html","dogs","Great Pyrenees",1646,3485,1839,6,0
"/opt/build/repo/breeds/dogs/greater-swiss-mountain-dog.html","dogs","Greater Swiss Mountain Dog",1427,3357,1930,6,0
"/opt/build/repo/breeds/dogs/greyhound.html","dogs","Greyhound",1390,3180,1790,6,0
"/opt/build/repo/breeds/dogs/harrier.html","dogs","Harrier",1180,2972,1792,6,0
"/opt/build/repo/breeds/dogs/havanese.html","dogs","Havanese",1362,3151,1789,6,0
"/opt/build/repo/breeds/dogs/hokkaido.html","dogs","Hokkaido",1295,3081,1786,6,0
"/opt/build/repo/breeds/dogs/ibizan-hound.html","dogs","Ibizan Hound",1308,3147,1839,6,0
"/opt/build/repo/breeds/dogs/irish-doodle.html","dogs","Irish Doodle",1339,3174,1835,6,0
"/opt/build/repo/breeds/dogs/irish-red-and-white-setter.html","dogs","Irish Red and White Setter",1469,3448,1979,6,0
"/opt/build/repo/breeds/dogs/irish-setter.html","dogs","Irish Setter",1558,3401,1843,6,0
"/opt/build/repo/breeds/dogs/irish-terrier.html","dogs","Irish Terrier",1335,3168,1833,6,0
"/opt/build/repo/breeds/dogs/irish-water-spaniel.html","dogs","Irish Water Spaniel",1386,3269,1883,6,0
"/opt/build/repo/breeds/dogs/irish-wolfhound.html","dogs","Irish Wolfhound",1580,3423,1843,6,0
"/opt/build/repo/breeds/dogs/italian-greyhound.html","dogs","Italian Greyhound",1306,3148,1842,6,0
"/opt/build/repo/breeds/dogs/jack-russell-terrier.html","dogs","Jack Russell Terrier",1248,3140,1892,6,0
"/opt/build/repo/breeds/dogs/japanese-chin.html","dogs","Japanese Chin",1185,3028,1843,6,0
"/opt/build/repo/breeds/dogs/japanese-spitz.html","dogs","Japanese Spitz",1338,3173,1835,6,0
"/opt/build/repo/breeds/dogs/jindo.html","dogs","Korean Jindo",1326,3159,1833,6,0
"/opt/build/repo/breeds/dogs/kai-ken.html","dogs","Kai Ken",1236,3087,1851,6,0
"/opt/build/repo/breeds/dogs/kangal.html","dogs","Kangal",1183,2977,1794,6,0
"/opt/build/repo/breeds/dogs/keeshond.html","dogs","Keeshond",1268,3053,1785,6,0
"/opt/build/repo/breeds/dogs/kerry-blue-terrier.html","dogs","Kerry Blue Terrier",1279,3171,1892,6,0
"/opt/build/repo/breeds/dogs/king-shepherd.html","dogs","King Shepherd",1269,3108,1839,6,0
"/opt/build/repo/breeds/dogs/kishu-ken.html","dogs","Kishu Ken",1240,3091,1851,6,0
"/opt/build/repo/breeds/dogs/komondor.html","dogs","Komondor",1266,3061,1795,6,0
"/opt/build/repo/breeds/dogs/kooikerhondje.html","dogs","Kooikerhondje",1589,3442,1853,5,1
"/opt/build/repo/breeds/dogs/kuvasz.html","dogs","Kuvasz",1236,3037,1801,6,0
"/opt/build/repo/breeds/dogs/labradoodle.html","dogs","Labradoodle",1352,3147,1795,6,0
"/opt/build/repo/breeds/dogs/labrador-retriever.html","dogs","Labrador Retriever",1524,3362,1838,6,0
"/opt/build/repo/breeds/dogs/lagotto-romagnolo.html","dogs","Lagotto Romagnolo",1293,3141,1848,6,0
"/opt/build/repo/breeds/dogs/lakeland-terrier.html","dogs","Lakeland Terrier",1248,3087,1839,6,0
"/opt/build/repo/breeds/dogs/leonberger.html","dogs","Leonberger",1237,3027,1790,6,0
"/opt/build/repo/breeds/dogs/lhasa-apso.html","dogs","Lhasa Apso",1321,3154,1833,6,0
"/opt/build/repo/breeds/dogs/maltese.html","dogs","Maltese",1388,3184,1796,6,0
"/opt/build/repo/breeds/dogs/maltipoo.html","dogs","Maltipoo",1263,3064,1801,6,0
"/opt/build/repo/breeds/dogs/manchester-terrier.html","dogs","Manchester Terrier",1188,3034,1846,6,0
"/opt/build/repo/breeds/dogs/maremma-sheepdog.html","dogs","Maremma Sheepdog",1183,3024,1841,6,0
"/opt/build/repo/breeds/dogs/mastiff.html","dogs","Mastiff (English Mastiff)",1273,3163,1890,6,0
"/opt/build/repo/breeds/dogs/miniature-pinscher.html","dogs","Miniature Pinscher",1188,3032,1844,6,0
"/opt/build/repo/breeds/dogs/miniature-poodle.html","dogs","Miniature Poodle",1299,3137,1838,6,0
"/opt/build/repo/breeds/dogs/miniature-schnauzer.html","dogs","Miniature Schnauzer",1440,3274,1834,6,0
"/opt/build/repo/breeds/dogs/morkie.html","dogs","Morkie",1106,2900,1794,6,0
"/opt/build/repo/breeds/dogs/mudi.html","dogs","Mudi",1231,3027,1796,6,0
"/opt/build/repo/breeds/dogs/neapolitan-mastiff.html","dogs","Neapolitan Mastiff",1227,3074,1847,6,0
"/opt/build/repo/breeds/dogs/newfoundland.html","dogs","Newfoundland",1624,3423,1799,6,0
"/opt/build/repo/breeds/dogs/norfolk-terrier.html","dogs","Norfolk Terrier",1201,3043,1842,6,0
"/opt/build/repo/breeds/dogs/norwegian-elkhound.html","dogs","Norwegian Elkhound",1501,3334,1833,6,0
"/opt/build/repo/breeds/dogs/norwegian-lundehund.html","dogs","Norwegian Lundehund",1644,3548,1904,5,1
"/opt/build/repo/breeds/dogs/norwich-terrier.html","dogs","Norwich Terrier",1200,3041,1841,6,0
"/opt/build/repo/breeds/dogs/nova-scotia-duck-tolling-retriever.html","dogs","Nova Scotia Duck Tolling Retriever",1789,3847,2058,5,1
"/opt/build/repo/breeds/dogs/old-english-sheepdog.html","dogs","Old English Sheepdog",1449,3341,1892,6,0
"/opt/build/repo/breeds/dogs/olde-english-bulldogge.html","dogs","Olde English Bulldogge",1387,3271,1884,6,0
"/opt/build/repo/breeds/dogs/otterhound.html","dogs","Otterhound",1615,3466,1851,5,1
"/opt/build/repo/breeds/dogs/papillon.html","dogs","Papillon",1245,3040,1795,6,0
"/opt/build/repo/breeds/dogs/parson-russell-terrier.html","dogs","Parson Russell Terrier",1196,3088,1892,6,0
"/opt/build/repo/breeds/dogs/pekingese.html","dogs","Pekingese",1184,2980,1796,6,0
"/opt/build/repo/breeds/dogs/pembroke-welsh-corgi.html","dogs","Pembroke Welsh Corgi",1600,3490,1890,6,0
"/opt/build/repo/breeds/dogs/peruvian-inca-orchid.html","dogs","Peruvian Inca Orchid",1404,3307,1903,6,0
"/opt/build/repo/breeds/dogs/pharaoh-hound.html","dogs","Pharaoh Hound",1358,3197,1839,6,0
"/opt/build/repo/breeds/dogs/pit-bull.html","dogs","American Pit Bull Terrier",1427,3358,1931,6,0
"/opt/build/repo/breeds/dogs/plott-hound.html","dogs","Plott Hound",1352,3187,1835,6,0
"/opt/build/repo/breeds/dogs/pointer.html","dogs","Pointer",1246,3037,1791,6,0
"/opt/build/repo/breeds/dogs/polish-lowland-sheepdog.html","dogs","Polish Lowland Sheepdog",1276,3173,1897,6,0
"/opt/build/repo/breeds/dogs/polish-tatra-sheepdog.html","dogs","Polish Tatra Sheepdog",1381,3263,1882,6,0
"/opt/build/repo/breeds/dogs/pomeranian.html","dogs","Pomeranian",1371,3167,1796,6,0
"/opt/build/repo/breeds/dogs/pomsky.html","dogs","Pomsky",1211,3010,1799,6,0
"/opt/build/repo/breeds/dogs/poodle.html","dogs","Poodle",2201,4015,1814,6,0
"/opt/build/repo/breeds/dogs/portuguese-water-dog.html","dogs","Portuguese Water Dog",1595,3477,1882,6,0
"/opt/build/repo/breeds/dogs/presa-canario.html","dogs","Presa Canario",1327,3161,1834,6,0
"/opt/build/repo/breeds/dogs/pug.html","dogs","Pug",1375,3161,1786,6,0
"/opt/build/repo/breeds/dogs/puggle.html","dogs","Puggle",1175,2967,1792,6,0
"/opt/build/repo/breeds/dogs/puli.html","dogs","Puli",1291,3077,1786,6,0
"/opt/build/repo/breeds/dogs/pumi.html","dogs","Pumi",1240,3041,1801,6,0
"/opt/build/repo/breeds/dogs/pyrenean-mastiff.html","dogs","Pyrenean Mastiff",1181,3021,1840,6,0
"/opt/build/repo/breeds/dogs/rat-terrier.html","dogs","Rat Terrier",1338,3177,1839,6,0
"/opt/build/repo/breeds/dogs/redbone-coonhound.html","dogs","Redbone Coonhound",1329,3164,1835,6,0
"/opt/build/repo/breeds/dogs/rhodesian-ridgeback.html","dogs","Rhodesian Ridgeback",1491,3324,1833,6,0
"/opt/build/repo/breeds/dogs/rottweiler.html","dogs","Rottweiler",2087,3880,1793,6,0
"/opt/build/repo/breeds/dogs/saint-berdoodle.html","dogs","Saint Berdoodle",1335,3168,1833,6,0
"/opt/build/repo/breeds/dogs/saint-bernard.html","dogs","Saint Bernard",1337,3171,1834,6,0
"/opt/build/repo/breeds/dogs/saluki.html","dogs","Saluki",1297,3097,1800,6,0
"/opt/build/repo/breeds/dogs/samoyed.html","dogs","Samoyed",1457,3245,1788,6,0
"/opt/build/repo/breeds/dogs/sarplaninac.html","dogs","Sarplaninac",1164,2959,1795,6,0
"/opt/build/repo/breeds/dogs/schipperke.html","dogs","Schipperke",1317,3114,1797,6,0
"/opt/build/repo/breeds/dogs/schnoodle.html","dogs","Schnoodle",1137,2937,1800,6,0
"/opt/build/repo/breeds/dogs/scottish-deerhound.html","dogs","Scottish Deerhound",1299,3141,1842,6,0
"/opt/build/repo/breeds/dogs/scottish-terrier.html","dogs","Scottish Terrier",1308,3153,1845,6,0
"/opt/build/repo/breeds/dogs/sealyham-terrier.html","dogs","Sealyham Terrier",1191,3028,1837,6,0
"/opt/build/repo/breeds/dogs/sheepadoodle.html","dogs","Sheepadoodle",1194,2993,1799,6,0
"/opt/build/repo/breeds/dogs/shetland-sheepdog.html","dogs","Shetland Sheepdog",1561,3406,1845,6,0
"/opt/build/repo/breeds/dogs/shiba-inu.html","dogs","Shiba Inu",1494,3329,1835,6,0
"/opt/build/repo/breeds/dogs/shih-poo.html","dogs","Shih-Poo",1365,3164,1799,6,0
"/opt/build/repo/breeds/dogs/shih-tzu.html","dogs","Shih Tzu",1609,3453,1844,6,0
"/opt/build/repo/breeds/dogs/shikoku.html","dogs","Shikoku",1300,3086,1786,6,0
"/opt/build/repo/breeds/dogs/shiloh-shepherd.html","dogs","Shiloh Shepherd",1278,3114,1836,6,0
"/opt/build/repo/breeds/dogs/shorkie.html","dogs","Shorkie",1284,3069,1785,6,0
"/opt/build/repo/breeds/dogs/siberian-husky.html","dogs","Siberian Husky",1656,3499,1843,6,0
"/opt/build/repo/breeds/dogs/silky-terrier.html","dogs","Silky Terrier",1163,3009,1846,6,0
"/opt/build/repo/breeds/dogs/skye-terrier.html","dogs","Skye Terrier",1212,3056,1844,6,0
"/opt/build/repo/breeds/dogs/sloughi.html","dogs","Sloughi",1300,3098,1798,6,0
"/opt/build/repo/breeds/dogs/soft-coated-wheaten-terrier.html","dogs","Soft Coated Wheaten Terrier",1245,3185,1940,6,0
"/opt/build/repo/breeds/dogs/spanish-mastiff.html","dogs","Spanish Mastiff",1339,3173,1834,6,0
"/opt/build/repo/breeds/dogs/spanish-water-dog.html","dogs","Spanish Water Dog",1317,3213,1896,6,0
"/opt/build/repo/breeds/dogs/spinone-italiano.html","dogs","Spinone Italiano",1340,3175,1835,6,0
"/opt/build/repo/breeds/dogs/springer-spaniel.html","dogs","English Springer Spaniel",1378,3261,1883,6,0
"/opt/build/repo/breeds/dogs/st-bernard.html","dogs","St. Bernard",1661,3502,1841,6,0
"/opt/build/repo/breeds/dogs/stabyhoun.html","dogs","Stabyhoun",1596,3447,1851,5,1
"/opt/build/repo/breeds/dogs/staffordshire-bull-terrier.html","dogs","Staffordshire Bull Terrier",1398,3285,1887,6,0
"/opt/build/repo/breeds/dogs/standard-poodle.html","dogs","Standard Poodle",1619,3460,1841,6,0
"/opt/build/repo/breeds/dogs/standard-schnauzer.html","dogs","Standard Schnauzer",1179,3016,1837,6,0
"/opt/build/repo/breeds/dogs/sussex-spaniel.html","dogs","Sussex Spaniel",1326,3167,1841,6,0
"/opt/build/repo/breeds/dogs/swedish-vallhund.html","dogs","Swedish Vallhund",1343,3179,1836,6,0
"/opt/build/repo/breeds/dogs/taiwan-dog.html","dogs","Taiwan Dog",1220,3073,1853,6,0
"/opt/build/repo/breeds/dogs/thai-ridgeback.html","dogs","Thai Ridgeback",1257,3109,1852,6,0
"/opt/build/repo/breeds/dogs/tibetan-mastiff.html","dogs","Tibetan Mastiff",1252,3096,1844,6,0
"/opt/build/repo/breeds/dogs/tibetan-spaniel.html","dogs","Tibetan Spaniel",1327,3160,1833,6,0
"/opt/build/repo/breeds/dogs/tibetan-terrier.html","dogs","Tibetan Terrier",1321,3154,1833,6,0
"/opt/build/repo/breeds/dogs/tornjak.html","dogs","Tornjak",1144,2938,1794,6,0
"/opt/build/repo/breeds/dogs/toy-fox-terrier.html","dogs","Toy Fox Terrier",1204,3096,1892,6,0
"/opt/build/repo/breeds/dogs/toy-manchester-terrier.html","dogs","Toy Manchester Terrier",1374,3257,1883,6,0
"/opt/build/repo/breeds/dogs/toy-poodle.html","dogs","Toy Poodle",1200,3041,1841,6,0
"/opt/build/repo/breeds/dogs/treeing-walker-coonhound.html","dogs","Treeing Walker Coonhound",1199,3088,1889,6,0
"/opt/build/repo/breeds/dogs/vizsla.html","dogs","Vizsla",1586,3378,1792,6,0
"/opt/build/repo/breeds/dogs/weimaraner.html","dogs","Weimaraner",1637,3437,1800,6,0
"/opt/build/repo/breeds/dogs/welsh-corgi.html","dogs","Welsh Corgi (Pembroke)",1385,3271,1886,6,0
"/opt/build/repo/breeds/dogs/welsh-springer-spaniel.html","dogs","Welsh Springer Spaniel",1350,3237,1887,6,0
"/opt/build/repo/breeds/dogs/welsh-terrier.html","dogs","Welsh Terrier",1167,3009,1842,6,0
"/opt/build/repo/breeds/dogs/west-highland-terrier.html","dogs","West Highland White Terrier",1423,3352,1929,6,0
"/opt/build/repo/breeds/dogs/west-highland-white-terrier.html","dogs","West Highland White Terrier",1431,3360,1929,6,0
"/opt/build/repo/breeds/dogs/whippet.html","dogs","Whippet",1304,3098,1794,6,0
"/opt/build/repo/breeds/dogs/white-shepherd.html","dogs","White Shepherd",1281,3118,1837,6,0
"/opt/build/repo/breeds/dogs/wire-fox-terrier.html","dogs","Wire Fox Terrier",1375,3258,1883,6,0
"/opt/build/repo/breeds/dogs/wirehaired-pointing-griffon.html","dogs","Wirehaired Pointing Griffon",1189,3076,1887,6,0
"/opt/build/repo/breeds/dogs/wirehaired-vizsla.html","dogs","Wirehaired Vizsla",1667,3569,1902,5,1
"/opt/build/repo/breeds/dogs/xoloitzcuintli.html","dogs","Xoloitzcuintli",1472,3276,1804,6,0
"/opt/build/repo/breeds/dogs/yorkipoo.html","dogs","Yorkipoo",1176,2973,1797,6,0
"/opt/build/repo/breeds/dogs/yorkshire-terrier.html","dogs","Yorkshire Terrier",1879,3724,1845,6,0
"/opt/build/repo/breeds/cats/abyssinian.html","cats","Abyssinian Cat",1270,3086,1816,6,0
"/opt/build/repo/breeds/cats/american-bobtail.html","cats","American Bobtail",1180,2993,1813,6,0
"/opt/build/repo/breeds/cats/american-curl.html","cats","American Curl",1160,2973,1813,6,0
"/opt/build/repo/breeds/cats/american-shorthair.html","cats","American Shorthair",1362,3173,1811,6,0
"/opt/build/repo/breeds/cats/american-wirehair.html","cats","American Wirehair",1159,2972,1813,6,0
"/opt/build/repo/breeds/cats/arabian-mau.html","cats","Arabian Mau",1412,3300,1888,5,1
"/opt/build/repo/breeds/cats/asian.html","cats","Asian Cat",1924,3738,1814,6,0
"/opt/build/repo/breeds/cats/balinese.html","cats","Balinese Cat",1255,3068,1813,6,0
"/opt/build/repo/breeds/cats/bengal.html","cats","Bengal Cat",1383,3197,1814,6,0
"/opt/build/repo/breeds/cats/birman.html","cats","Birman Cat",1296,3112,1816,6,0
"/opt/build/repo/breeds/cats/bombay.html","cats","Bombay Cat",1276,3089,1813,6,0
"/opt/build/repo/breeds/cats/british-longhair.html","cats","British Longhair",1158,2973,1815,6,0
"/opt/build/repo/breeds/cats/british-shorthair.html","cats","British Shorthair",1356,3171,1815,6,0
"/opt/build/repo/breeds/cats/burmese.html","cats","Burmese Cat",1315,3127,1812,6,0
"/opt/build/repo/breeds/cats/burmilla.html","cats","Burmilla Cat",1144,2957,1813,6,0
"/opt/build/repo/breeds/cats/chartreux.html","cats","Chartreux Cat",1122,2936,1814,6,0
"/opt/build/repo/breeds/cats/chausie.html","cats","Chausie Cat",1227,3043,1816,6,0
"/opt/build/repo/breeds/cats/cheetoh.html","cats","Cheetoh",1403,3237,1834,5,1
"/opt/build/repo/breeds/cats/chinchilla.html","cats","Chinchilla Persian",1971,3785,1814,6,0
"/opt/build/repo/breeds/cats/colorpoint-shorthair.html","cats","Colorpoint Shorthair",1112,2927,1815,6,0
"/opt/build/repo/breeds/cats/cornish-rex.html","cats","Cornish Rex",1347,3159,1812,6,0
"/opt/build/repo/breeds/cats/cymric.html","cats","Cymric Cat",1132,2944,1812,6,0
"/opt/build/repo/breeds/cats/devon-rex.html","cats","Devon Rex",1413,3227,1814,6,0
"/opt/build/repo/breeds/cats/domestic-longhair.html","cats","Domestic Longhair",1975,3789,1814,6,0
"/opt/build/repo/breeds/cats/domestic-shorthair.html","cats","Domestic Shorthair",1950,3764,1814,6,0
"/opt/build/repo/breeds/cats/donskoy.html","cats","Donskoy",1928,3696,1768,6,0
"/opt/build/repo/breeds/cats/egyptian-mau.html","cats","Egyptian Mau",1146,2959,1813,6,0
"/opt/build/repo/breeds/cats/european-burmese.html","cats","European Burmese",1130,2941,1811,6,0
"/opt/build/repo/breeds/cats/european-shorthair.html","cats","European Shorthair",1416,3300,1884,5,1
"/opt/build/repo/breeds/cats/exotic-shorthair.html","cats","Exotic Shorthair",1293,3105,1812,6,0
"/opt/build/repo/breeds/cats/havana-brown.html","cats","Havana Brown",1278,3093,1815,6,0
"/opt/build/repo/breeds/cats/highlander.html","cats","Highlander Cat",1930,3744,1814,6,0
"/opt/build/repo/breeds/cats/himalayan.html","cats","Himalayan Cat",1177,2989,1812,6,0
"/opt/build/repo/breeds/cats/japanese-bobtail.html","cats","Japanese Bobtail",1155,2971,1816,6,0
"/opt/build/repo/breeds/cats/javanese.html","cats","Javanese Cat",1097,2910,1813,6,0
"/opt/build/repo/breeds/cats/khao-manee.html","cats","Khao Manee Cat",1201,3059,1858,6,0
"/opt/build/repo/breeds/cats/korat.html","cats","Korat Cat",1110,2925,1815,6,0
"/opt/build/repo/breeds/cats/kurilian-bobtail.html","cats","Kurilian Bobtail",1393,3280,1887,5,1
"/opt/build/repo/breeds/cats/laperm.html","cats","LaPerm",1909,3677,1768,6,0
"/opt/build/repo/breeds/cats/lykoi.html","cats","Lykoi Cat",1184,2997,1813,6,0
"/opt/build/repo/breeds/cats/maine-coon.html","cats","Maine Coon",1535,3348,1813,6,0
"/opt/build/repo/breeds/cats/manx.html","cats","Manx",1916,3684,1768,6,0
"/opt/build/repo/breeds/cats/minuet.html","cats","Minuet (Napoleon)",1452,3336,1884,5,1
"/opt/build/repo/breeds/cats/munchkin.html","cats","Munchkin Cat",1161,2971,1810,6,0
"/opt/build/repo/breeds/cats/nebelung.html","cats","Nebelung Cat",1159,2970,1811,6,0
"/opt/build/repo/breeds/cats/norwegian-forest-cat.html","cats","Norwegian Forest Cat",1387,3253,1866,6,0
"/opt/build/repo/breeds/cats/ocicat.html","cats","Ocicat",2139,3907,1768,6,0
"/opt/build/repo/breeds/cats/oriental-longhair.html","cats","Oriental Longhair",1954,3768,1814,6,0
"/opt/build/repo/breeds/cats/oriental-shorthair.html","cats","Oriental Shorthair",1234,3047,1813,6,0
"/opt/build/repo/breeds/cats/persian.html","cats","Persian Cat",1395,3207,1812,6,0
"/opt/build/repo/breeds/cats/peterbald.html","cats","Peterbald Cat",1186,2998,1812,6,0
"/opt/build/repo/breeds/cats/pixie-bob.html","cats","Pixie-bob Cat",1137,2950,1813,6,0
"/opt/build/repo/breeds/cats/ragamuffin.html","cats","Ragamuffin",2137,3905,1768,6,0
"/opt/build/repo/breeds/cats/ragdoll.html","cats","Ragdoll Cat",1375,3192,1817,6,0
"/opt/build/repo/breeds/cats/russian-blue.html","cats","Russian Blue Cat",1152,3008,1856,6,0
"/opt/build/repo/breeds/cats/russian-white.html","cats","Russian White",1954,3768,1814,6,0
"/opt/build/repo/breeds/cats/savannah.html","cats","Savannah Cat",1202,3016,1814,6,0
"/opt/build/repo/breeds/cats/scottish-fold.html","cats","Scottish Fold",1456,3267,1811,6,0
"/opt/build/repo/breeds/cats/selkirk-rex.html","cats","Selkirk Rex",1973,3787,1814,6,0
"/opt/build/repo/breeds/cats/serengeti.html","cats","Serengeti Cat",1946,3760,1814,6,0
"/opt/build/repo/breeds/cats/siamese.html","cats","Siamese Cat",1326,3138,1812,6,0
"/opt/build/repo/breeds/cats/siberian.html","cats","Siberian Cat",1286,3101,1815,6,0
"/opt/build/repo/breeds/cats/singapura.html","cats","Singapura Cat",1461,3275,1814,6,0
"/opt/build/repo/breeds/cats/snowshoe.html","cats","Snowshoe Cat",1179,2991,1812,6,0
"/opt/build/repo/breeds/cats/sokoke.html","cats","Sokoke Cat",1126,2940,1814,6,0
"/opt/build/repo/breeds/cats/somali.html","cats","Somali Cat",1277,3093,1816,6,0
"/opt/build/repo/breeds/cats/sphynx.html","cats","Sphynx Cat",1392,3204,1812,6,0
"/opt/build/repo/breeds/cats/thai.html","cats","Thai Cat",1103,2916,1813,6,0
"/opt/build/repo/breeds/cats/tiffanie.html","cats","Tiffanie Cat",1112,2924,1812,6,0
"/opt/build/repo/breeds/cats/tonkinese.html","cats","Tonkinese Cat",1149,2961,1812,6,0
"/opt/build/repo/breeds/cats/toyger.html","cats","Toyger Cat",1120,2932,1812,6,0
"/opt/build/repo/breeds/cats/turkish-angora.html","cats","Turkish Angora",1314,3125,1811,6,0
"/opt/build/repo/breeds/cats/turkish-van.html","cats","Turkish Van",1211,3022,1811,6,0
"/opt/build/repo/breeds/birds/african-grey.html","birds","African Grey Parrot",1294,3113,1819,5,1
"/opt/build/repo/breeds/birds/alexandrine-parakeet.html","birds","Alexandrine Parakeet",1543,3353,1810,5,1
"/opt/build/repo/breeds/birds/amazon-parrot.html","birds","Amazon Parrot",1268,3026,1758,5,1
"/opt/build/repo/breeds/birds/american-singer-canary.html","birds","American Singer Canary",1859,3662,1803,5,1
"/opt/build/repo/breeds/birds/blue-and-gold-macaw.html","birds","Blue and Gold Macaw",1376,3224,1848,5,1
"/opt/build/repo/breeds/birds/bourke-parakeet.html","birds","Bourke's Parakeet",1823,3581,1758,5,1
"/opt/build/repo/breeds/birds/bourkes-parakeet.html","birds","Bourke's Parakeet",1808,3566,1758,5,1
"/opt/build/repo/breeds/birds/budgerigar.html","birds","Budgerigar (Parakeet)",1284,3066,1782,5,1
"/opt/build/repo/breeds/birds/button-quail.html","birds","Button Quail",1806,3564,1758,5,1
"/opt/build/repo/breeds/birds/caique.html","birds","Caique",1200,2913,1713,5,1
"/opt/build/repo/breeds/birds/canary.html","birds","Canary",1212,2925,1713,5,1
"/opt/build/repo/breeds/birds/cape-parrot.html","birds","Cape Parrot",1549,3359,1810,5,1
"/opt/build/repo/breeds/birds/chicken.html","birds","Backyard Chicken",1794,3552,1758,5,1
"/opt/build/repo/breeds/birds/cockatiel.html","birds","Cockatiel",1273,3010,1737,5,1
"/opt/build/repo/breeds/birds/cockatoo.html","birds","Cockatoo",1299,3012,1713,5,1
"/opt/build/repo/breeds/birds/conure.html","birds","Conure",1259,2972,1713,5,1
"/opt/build/repo/breeds/birds/cordon-bleu.html","birds","Cordon Bleu Finch",1858,3661,1803,5,1
"/opt/build/repo/breeds/birds/coturnix-quail.html","birds","Coturnix Quail",1811,3569,1758,5,1
"/opt/build/repo/breeds/birds/diamond-dove.html","birds","Diamond Dove",1812,3570,1758,5,1
"/opt/build/repo/breeds/birds/dove.html","birds","Ring-necked Dove",1816,3574,1758,5,1
"/opt/build/repo/breeds/birds/dusky-conure.html","birds","Dusky Conure",1541,3351,1810,5,1
"/opt/build/repo/breeds/birds/eclectus.html","birds","Eclectus Parrot",1241,2999,1758,5,1
"/opt/build/repo/breeds/birds/finch.html","birds","Finch",1194,2931,1737,5,1
"/opt/build/repo/breeds/birds/galah.html","birds","Galah (Rose-Breasted Cockatoo)",1150,2953,1803,5,1
"/opt/build/repo/breeds/birds/gloster-canary.html","birds","Gloster Canary",1830,3588,1758,5,1
"/opt/build/repo/breeds/birds/goffin-cockatoo.html","birds","Goffin's Cockatoo",1201,2959,1758,5,1
"/opt/build/repo/breeds/birds/golden-conure.html","birds","Golden Conure (Queen of Bavaria)",1685,3636,1951,5,1
"/opt/build/repo/breeds/birds/gouldian-finch.html","birds","Gouldian Finch",1825,3583,1758,5,1
"/opt/build/repo/breeds/birds/green-cheek-conure.html","birds","Green-Cheek Conure",1178,2936,1758,5,1
"/opt/build/repo/breeds/birds/green-wing-macaw.html","birds","Green-Wing Macaw",1303,3061,1758,5,1
"/opt/build/repo/breeds/birds/half-moon-conure.html","birds","Half-Moon Conure (Orange-Fronted)",1584,3441,1857,5,1
"/opt/build/repo/breeds/birds/hawk-headed-parrot.html","birds","Hawk-Headed Parrot (Red-Fan Parrot)",1646,3550,1904,5,1
"/opt/build/repo/breeds/birds/hyacinth-macaw.html","birds","Hyacinth Macaw",1318,3073,1755,6,0
"/opt/build/repo/breeds/birds/indian-ringneck.html","birds","Indian Ringneck Parakeet",1214,3017,1803,5,1
"/opt/build/repo/breeds/birds/java-finch.html","birds","Java Finch",1823,3581,1758,5,1
"/opt/build/repo/breeds/birds/jenday-conure.html","birds","Jenday Conure",1942,3700,1758,5,1
"/opt/build/repo/breeds/birds/kakariki.html","birds","Kakariki (New Zealand Parakeet)",1640,3544,1904,5,1
"/opt/build/repo/breeds/birds/lineolated-parakeet.html","birds","Lineolated Parakeet",1808,3566,1758,5,1
"/opt/build/repo/breeds/birds/lorikeet.html","birds","Rainbow Lorikeet",1817,3575,1758,5,1
"/opt/build/repo/breeds/birds/lovebird.html","birds","Lovebird",1280,3017,1737,5,1
"/opt/build/repo/breeds/birds/macaw.html","birds","Macaw",1282,2995,1713,5,1
"/opt/build/repo/breeds/birds/masked-lovebird.html","birds","Masked Lovebird",1132,2890,1758,5,1
"/opt/build/repo/breeds/birds/meyer-parrot.html","birds","Meyer's Parrot",1814,3572,1758,5,1
"/opt/build/repo/breeds/birds/military-macaw.html","birds","Military Macaw",1155,2913,1758,5,1
"/opt/build/repo/breeds/birds/moluccan-cockatoo.html","birds","Moluccan Cockatoo",1324,3082,1758,5,1
"/opt/build/repo/breeds/birds/mynah.html","birds","Common Mynah",1811,3569,1758,5,1
"/opt/build/repo/breeds/birds/nanday-conure.html","birds","Nanday Conure",1100,2858,1758,5,1
"/opt/build/repo/breeds/birds/owl-finch.html","birds","Owl Finch",1826,3584,1758,5,1
"/opt/build/repo/breeds/birds/pacific-parrotlet.html","birds","Pacific Parrotlet",1529,3339,1810,5,1
"/opt/build/repo/breeds/birds/parrotlet.html","birds","Parrotlet",1287,3000,1713,5,1
"/opt/build/repo/breeds/birds/peach-faced-lovebird.html","birds","Peach-Faced Lovebird",1297,3055,1758,5,1
"/opt/build/repo/breeds/birds/pigeon.html","birds","Domestic Pigeon",1809,3567,1758,5,1
"/opt/build/repo/breeds/birds/pionus.html","birds","Pionus Parrot",1268,3026,1758,5,1
"/opt/build/repo/breeds/birds/plum-headed-parakeet.html","birds","Plum-Headed Parakeet",1529,3339,1810,5,1
"/opt/build/repo/breeds/birds/princess-parrot.html","birds","Princess Parrot",1540,3350,1810,5,1
"/opt/build/repo/breeds/birds/quaker-parrot.html","birds","Quaker Parrot (Monk Parakeet)",1258,3106,1848,5,1
"/opt/build/repo/breeds/birds/red-bellied-parrot.html","birds","Red-Bellied Parrot",1814,3572,1758,5,1
"/opt/build/repo/breeds/birds/red-factor-canary.html","birds","Red Factor Canary",1871,3674,1803,5,1
"/opt/build/repo/breeds/birds/red-rumped-parrot.html","birds","Red-Rumped Parrot",1542,3352,1810,5,1
"/opt/build/repo/breeds/birds/roller-canary.html","birds","Roller Canary",1834,3592,1758,5,1
"/opt/build/repo/breeds/birds/rosellas.html","birds","Rosella Parakeet",1539,3349,1810,5,1
"/opt/build/repo/breeds/birds/scarlet-macaw.html","birds","Scarlet Macaw",1222,2980,1758,5,1
"/opt/build/repo/breeds/birds/senegal-parrot.html","birds","Senegal Parrot",1181,2963,1782,5,1
"/opt/build/repo/breeds/birds/society-finch.html","birds","Society Finch",1833,3591,1758,5,1
"/opt/build/repo/breeds/birds/spice-finch.html","birds","Spice Finch",1827,3585,1758,5,1
"/opt/build/repo/breeds/birds/star-finch.html","birds","Star Finch",1826,3584,1758,5,1
"/opt/build/repo/breeds/birds/sun-conure.html","birds","Sun Conure",1219,2977,1758,5,1
"/opt/build/repo/breeds/birds/toucan.html","birds","Toucan",1750,3463,1713,5,1
"/opt/build/repo/breeds/birds/umbrella-cockatoo.html","birds","Umbrella Cockatoo",1293,3051,1758,5,1
"/opt/build/repo/breeds/birds/zebra-finch.html","birds","Zebra Finch",1831,3589,1758,5,1
"/opt/build/repo/breeds/fish/african-cichlid.html","fish","African Cichlid",1191,2952,1761,5,1
"/opt/build/repo/breeds/fish/amano-shrimp.html","fish","Amano Shrimp",1085,2841,1756,5,1
"/opt/build/repo/breeds/fish/angelfish.html","fish","Freshwater Angelfish",1321,3081,1760,5,1
"/opt/build/repo/breeds/fish/apistogramma.html","fish","Apistogramma",1487,3244,1757,4,2
"/opt/build/repo/breeds/fish/arowana.html","fish","Arowana",1073,2792,1719,5,1
"/opt/build/repo/breeds/fish/assassin-snail.html","fish","Assassin Snail",1147,2903,1756,5,1
"/opt/build/repo/breeds/fish/bamboo-shrimp.html","fish","Bamboo Shrimp",1121,2877,1756,5,1
"/opt/build/repo/breeds/fish/betta-fish.html","fish","Betta Fish",1369,3135,1766,5,1
"/opt/build/repo/breeds/fish/blenny.html","fish","Blenny",1075,2797,1722,5,1
"/opt/build/repo/breeds/fish/blue-damsel.html","fish","Blue Damselfish",1513,3312,1799,4,2
"/opt/build/repo/breeds/fish/blue-green-chromis.html","fish","Blue Green Chromis",1067,2866,1799,5,1
"/opt/build/repo/breeds/fish/blue-tang.html","fish","Blue Tang",1493,3292,1799,4,2
"/opt/build/repo/breeds/fish/blue-velvet-shrimp.html","fish","Blue Velvet Shrimp",1134,2931,1797,5,1
"/opt/build/repo/breeds/fish/bolivian-ram.html","fish","Bolivian Ram Cichlid",1484,3328,1844,5,1
"/opt/build/repo/breeds/fish/bristlenose-pleco.html","fish","Bristlenose Pleco",1053,2809,1756,5,1
"/opt/build/repo/breeds/fish/cardinal-tetra.html","fish","Cardinal Tetra",1518,3317,1799,4,2
"/opt/build/repo/breeds/fish/celestial-pearl-danio.html","fish","Celestial Pearl Danio (Galaxy Rasbora)",1572,3502,1930,5,1
"/opt/build/repo/breeds/fish/cherry-barb.html","fish","Cherry Barb",1701,3457,1756,5,1
"/opt/build/repo/breeds/fish/cherry-shrimp.html","fish","Cherry Shrimp",1132,2888,1756,5,1
"/opt/build/repo/breeds/fish/chili-rasbora.html","fish","Chili Rasbora",1445,3246,1801,5,1
"/opt/build/repo/breeds/fish/chromis.html","fish","Green Chromis",1510,3309,1799,4,2
"/opt/build/repo/breeds/fish/cleaner-shrimp.html","fish","Cleaner Shrimp",1512,3311,1799,4,2
"/opt/build/repo/breeds/fish/cleaner-wrasse.html","fish","Cleaner Wrasse",1491,3290,1799,4,2
"/opt/build/repo/breeds/fish/clown-loach.html","fish","Clown Loach",1435,3236,1801,5,1
"/opt/build/repo/breeds/fish/clown-pleco.html","fish","Clown Pleco",1507,3306,1799,4,2
"/opt/build/repo/breeds/fish/clownfish.html","fish","Clownfish",1508,3265,1757,4,2
"/opt/build/repo/breeds/fish/common-pleco.html","fish","Common Pleco",1521,3321,1800,4,2
"/opt/build/repo/breeds/fish/congo-tetra.html","fish","Congo Tetra",1450,3251,1801,5,1
"/opt/build/repo/breeds/fish/convict-cichlid.html","fish","Convict Cichlid",1060,2822,1762,5,1
"/opt/build/repo/breeds/fish/coral-beauty.html","fish","Coral Beauty Angelfish",1528,3369,1841,4,2
"/opt/build/repo/breeds/fish/corydoras.html","fish","Corydoras Catfish",1299,3066,1767,5,1
"/opt/build/repo/breeds/fish/crystal-red-shrimp.html","fish","Crystal Red Shrimp (CRS)",1182,3023,1841,5,1
"/opt/build/repo/breeds/fish/danio.html","fish","Zebra Danio",1518,3317,1799,4,2
"/opt/build/repo/breeds/fish/discus.html","fish","Discus",1315,3040,1725,5,1
"/opt/build/repo/breeds/fish/dottyback.html","fish","Dottyback",1040,2761,1721,5,1
"/opt/build/repo/breeds/fish/dwarf-crayfish.html","fish","Dwarf Crayfish (CPO)",1149,2946,1797,5,1
"/opt/build/repo/breeds/fish/dwarf-gourami.html","fish","Dwarf Gourami",1505,3304,1799,4,2
"/opt/build/repo/breeds/fish/electric-blue-acara.html","fish","Electric Blue Acara",1486,3334,1848,5,1
"/opt/build/repo/breeds/fish/electric-blue-crayfish.html","fish","Electric Blue Crayfish",1182,2979,1797,5,1
"/opt/build/repo/breeds/fish/electric-yellow-cichlid.html","fish","Electric Yellow Cichlid (Labidochromis)",1529,3418,1889,5,1
"/opt/build/repo/breeds/fish/ember-tetra.html","fish","Ember Tetra",1442,3243,1801,5,1
"/opt/build/repo/breeds/fish/emperor-angelfish.html","fish","Emperor Angelfish",1533,3332,1799,4,2
"/opt/build/repo/breeds/fish/endler-livebearer.html","fish","Endler's Livebearer",1760,3522,1762,5,1
"/opt/build/repo/breeds/fish/fairy-wrasse.html","fish","Fairy Wrasse",1509,3308,1799,4,2
"/opt/build/repo/breeds/fish/fancy-goldfish.html","fish","Fancy Goldfish",1555,3354,1799,4,2
"/opt/build/repo/breeds/fish/fiddler-crab.html","fish","Fiddler Crab",1090,2848,1758,5,1
"/opt/build/repo/breeds/fish/firefish.html","fish","Firefish Goby",1523,3322,1799,4,2
"/opt/build/repo/breeds/fish/flame-angelfish.html","fish","Flame Angelfish",1533,3332,1799,4,2
"/opt/build/repo/breeds/fish/flowerhorn.html","fish","Flowerhorn Cichlid",1134,2892,1758,5,1
"/opt/build/repo/breeds/fish/french-angelfish.html","fish","French Angelfish",1535,3334,1799,4,2
"/opt/build/repo/breeds/fish/frontosa.html","fish","Frontosa Cichlid",1450,3251,1801,5,1
"/opt/build/repo/breeds/fish/german-blue-ram.html","fish","German Blue Ram",1468,3310,1842,5,1
"/opt/build/repo/breeds/fish/ghost-shrimp.html","fish","Ghost Shrimp",1125,2882,1757,5,1
"/opt/build/repo/breeds/fish/glass-catfish.html","fish","Glass Catfish",1477,3278,1801,5,1
"/opt/build/repo/breeds/fish/goby.html","fish","Goby",1067,2787,1720,5,1
"/opt/build/repo/breeds/fish/gold-barb.html","fish","Gold Barb",1730,3488,1758,5,1
"/opt/build/repo/breeds/fish/goldfish.html","fish","Goldfish",1417,3163,1746,5,1
"/opt/build/repo/breeds/fish/gouramis.html","fish","Gouramis",1092,2818,1726,5,1
"/opt/build/repo/breeds/fish/green-terror.html","fish","Green Terror Cichlid",1492,3334,1842,5,1
"/opt/build/repo/breeds/fish/guppy.html","fish","Guppy",1213,2932,1719,5,1
"/opt/build/repo/breeds/fish/hatchetfish.html","fish","Hatchetfish",1119,2839,1720,5,1
"/opt/build/repo/breeds/fish/hawkfish.html","fish","Hawkfish",1081,2801,1720,5,1
"/opt/build/repo/breeds/fish/hermit-crab.html","fish","Hermit Crab (Marine)",1541,3382,1841,4,2
"/opt/build/repo/breeds/fish/hillstream-loach.html","fish","Hillstream Loach",1442,3241,1799,5,1
"/opt/build/repo/breeds/fish/honey-gourami.html","fish","Honey Gourami",1520,3319,1799,4,2
"/opt/build/repo/breeds/fish/jack-dempsey.html","fish","Jack Dempsey Cichlid",1116,2913,1797,5,1
"/opt/build/repo/breeds/fish/killifish.html","fish","Killifish",1086,2813,1727,5,1
"/opt/build/repo/breeds/fish/koi.html","fish","Koi",1480,3238,1758,4,2
"/opt/build/repo/breeds/fish/kole-tang.html","fish","Kole Tang",1509,3308,1799,4,2
"/opt/build/repo/breeds/fish/kuhli-loach.html","fish","Kuhli Loach",1070,2828,1758,5,1
"/opt/build/repo/breeds/fish/mandarin-goby.html","fish","Mandarin Goby",1491,3290,1799,4,2
"/opt/build/repo/breeds/fish/maroon-clownfish.html","fish","Maroon Clownfish",1522,3321,1799,4,2
"/opt/build/repo/breeds/fish/melanurus-wrasse.html","fish","Melanurus Wrasse",1517,3316,1799,4,2
"/opt/build/repo/breeds/fish/molly.html","fish","Molly Fish",1092,2848,1756,5,1
"/opt/build/repo/breeds/fish/mystery-snail.html","fish","Mystery Snail",1172,2928,1756,5,1
"/opt/build/repo/breeds/fish/neon-tetra.html","fish","Neon Tetra",1239,3001,1762,5,1
"/opt/build/repo/breeds/fish/nerite-snail.html","fish","Nerite Snail",1161,2917,1756,5,1
"/opt/build/repo/breeds/fish/oscar.html","fish","Oscar Fish",1262,3030,1768,5,1
"/opt/build/repo/breeds/fish/otocinclus.html","fish","Otocinclus",1490,3248,1758,4,2
"/opt/build/repo/breeds/fish/pacu.html","fish","Pacu",1070,2788,1718,5,1
"/opt/build/repo/breeds/fish/peacock-bass.html","fish","Peacock Bass",1056,2817,1761,5,1
"/opt/build/repo/breeds/fish/pearl-gourami.html","fish","Pearl Gourami",1520,3319,1799,4,2
"/opt/build/repo/breeds/fish/pencilfish.html","fish","Pencilfish",1075,2794,1719,5,1
"/opt/build/repo/breeds/fish/peppermint-shrimp.html","fish","Peppermint Shrimp",1497,3296,1799,4,2
"/opt/build/repo/breeds/fish/pictus-catfish.html","fish","Pictus Catfish",1525,3324,1799,4,2
"/opt/build/repo/breeds/fish/platy.html","fish","Platy Fish",1720,3476,1756,5,1
"/opt/build/repo/breeds/fish/pleco.html","fish","Common Pleco",1213,2973,1760,5,1
"/opt/build/repo/breeds/fish/powder-blue-tang.html","fish","Powder Blue Tang",1537,3378,1841,4,2
"/opt/build/repo/breeds/fish/rabbit-snail.html","fish","Rabbit Snail",1090,2848,1758,5,1
"/opt/build/repo/breeds/fish/rainbow-fish.html","fish","Rainbowfish",1516,3273,1757,4,2
"/opt/build/repo/breeds/fish/ram-cichlid.html","fish","Ram Cichlid",1517,3316,1799,4,2
"/opt/build/repo/breeds/fish/ramshorn-snail.html","fish","Ramshorn Snail",1099,2856,1757,5,1
"/opt/build/repo/breeds/fish/rasbora.html","fish","Harlequin Rasbora",1505,3304,1799,4,2
"/opt/build/repo/breeds/fish/red-claw-crab.html","fish","Red Claw Crab",1108,2906,1798,5,1
"/opt/build/repo/breeds/fish/rosy-barb.html","fish","Rosy Barb",1741,3499,1758,5,1
"/opt/build/repo/breeds/fish/rummy-nose-tetra.html","fish","Rummy-Nose Tetra",1448,3249,1801,5,1
"/opt/build/repo/breeds/fish/severum.html","fish","Severum Cichlid",1442,3241,1799,5,1
"/opt/build/repo/breeds/fish/siamese-algae-eater.html","fish","Siamese Algae Eater",1478,3320,1842,5,1
"/opt/build/repo/breeds/fish/silver-dollar.html","fish","Silver Dollar Fish",1105,2906,1801,5,1
"/opt/build/repo/breeds/fish/six-line-wrasse.html","fish","Six-Line Wrasse",1515,3314,1799,4,2
"/opt/build/repo/breeds/fish/swordtail.html","fish","Swordtail Fish",1727,3491,1764,5,1
"/opt/build/repo/breeds/fish/tiger-barb.html","fish","Tiger Barb",1107,2869,1762,5,1
"/opt/build/repo/breeds/fish/turbo-snail.html","fish","Turbo Snail",1512,3311,1799,4,2
"/opt/build/repo/breeds/fish/upside-down-catfish.html","fish","Upside-Down Catfish",1468,3269,1801,5,1
"/opt/build/repo/breeds/fish/vampire-crab.html","fish","Vampire Crab",1118,2874,1756,5,1
"/opt/build/repo/breeds/fish/watchman-goby.html","fish","Watchman Goby",1512,3311,1799,4,2
"/opt/build/repo/breeds/fish/white-cloud-mountain-minnow.html","fish","White Cloud Mountain Minnow",1097,2937,1840,5,1
"/opt/build/repo/breeds/fish/white-cloud.html","fish","White Cloud Mountain Minnow",1582,3466,1884,4,2
"/opt/build/repo/breeds/fish/wrasse.html","fish","Wrasse",1482,3239,1757,4,2
"/opt/build/repo/breeds/fish/yellow-tang.html","fish","Yellow Tang",1513,3312,1799,4,2
"/opt/build/repo/breeds/fish/zebra-danio.html","fish","Zebra Danio",1057,2815,1758,5,1
"/opt/build/repo/breeds/marine-fish/bangai-cardinal.html","marine-fish","Bangai Cardinalfish",1588,3399,1811,5,1
"/opt/build/repo/breeds/marine-fish/blue-damsel.html","marine-fish","Blue Damselfish",1571,3382,1811,5,1
"/opt/build/repo/breeds/marine-fish/blue-tang.html","marine-fish","Blue Tang (Regal Tang)",1625,3522,1897,5,1
"/opt/build/repo/breeds/marine-fish/cleaner-wrasse.html","marine-fish","Bluestreak Cleaner Wrasse",1631,3485,1854,5,1
"/opt/build/repo/breeds/marine-fish/clownfish.html","marine-fish","Ocellaris Clownfish",1620,3429,1809,5,1
"/opt/build/repo/breeds/marine-fish/copperband-butterfly.html","marine-fish","Copperband Butterflyfish",1603,3414,1811,5,1
"/opt/build/repo/breeds/marine-fish/coral-beauty.html","marine-fish","Coral Beauty Angelfish",1582,3438,1856,5,1
"/opt/build/repo/breeds/marine-fish/dottyback.html","marine-fish","Orchid Dottyback",1578,3387,1809,5,1
"/opt/build/repo/breeds/marine-fish/emperor-angelfish.html","marine-fish","Emperor Angelfish",1622,3431,1809,5,1
"/opt/build/repo/breeds/marine-fish/fairy-wrasse.html","marine-fish","Fairy Wrasse",1562,3373,1811,5,1
"/opt/build/repo/breeds/marine-fish/firefish.html","marine-fish","Firefish Goby",1596,3407,1811,5,1
"/opt/build/repo/breeds/marine-fish/flame-angelfish.html","marine-fish","Flame Angelfish",1598,3405,1807,5,1
"/opt/build/repo/breeds/marine-fish/flame-hawkfish.html","marine-fish","Flame Hawkfish",1617,3428,1811,5,1
"/opt/build/repo/breeds/marine-fish/foxface-rabbitfish.html","marine-fish","Foxface Rabbitfish",1607,3418,1811,5,1
"/opt/build/repo/breeds/marine-fish/green-chromis.html","marine-fish","Green Chromis",1577,3386,1809,5,1
"/opt/build/repo/breeds/marine-fish/hawkfish.html","marine-fish","Longnose Hawkfish",1603,3412,1809,5,1
"/opt/build/repo/breeds/marine-fish/kole-tang.html","marine-fish","Kole Tang (Yellow-Eye Tang)",1623,3522,1899,5,1
"/opt/build/repo/breeds/marine-fish/mandarin-goby.html","marine-fish","Mandarin Dragonet",1598,3407,1809,5,1
"/opt/build/repo/breeds/marine-fish/maroon-clownfish.html","marine-fish","Maroon Clownfish",1593,3402,1809,5,1
"/opt/build/repo/breeds/marine-fish/melanurus-wrasse.html","marine-fish","Melanurus Wrasse",1581,3390,1809,5,1
"/opt/build/repo/breeds/marine-fish/powder-blue-tang.html","marine-fish","Powder Blue Tang",1615,3467,1852,5,1
"/opt/build/repo/breeds/marine-fish/royal-gramma.html","marine-fish","Royal Gramma",1577,3392,1815,5,1
"/opt/build/repo/breeds/marine-fish/six-line-wrasse.html","marine-fish","Six-Line Wrasse",1562,3371,1809,5,1
"/opt/build/repo/breeds/marine-fish/watchman-goby.html","marine-fish","Yellow Watchman Goby",1586,3438,1852,5,1
"/opt/build/repo/breeds/marine-fish/yellow-tang.html","marine-fish","Yellow Tang",1574,3383,1809,5,1
"/opt/build/repo/breeds/reptiles/ackie-monitor.html","reptiles","Ackie Monitor",1820,3581,1761,5,1
"/opt/build/repo/breeds/reptiles/african-clawed-frog.html","reptiles","African Clawed Frog",1858,3657,1799,5,1
"/opt/build/repo/breeds/reptiles/african-dwarf-frog.html","reptiles","African Dwarf Frog",1874,3673,1799,5,1
"/opt/build/repo/breeds/reptiles/african-fat-tailed-gecko.html","reptiles","African Fat-Tailed Gecko",1135,2934,1799,5,1
"/opt/build/repo/breeds/reptiles/amazon-tree-boa.html","reptiles","Amazon Tree Boa",1453,3300,1847,5,1
"/opt/build/repo/breeds/reptiles/american-bullfrog.html","reptiles","American Bullfrog",1836,3597,1761,5,1
"/opt/build/repo/breeds/reptiles/anole.html","reptiles","Anole",2022,3745,1723,5,1
"/opt/build/repo/breeds/reptiles/armadillo-lizard.html","reptiles","Armadillo Lizard",1321,3082,1761,5,1
"/opt/build/repo/breeds/reptiles/axolotl.html","reptiles","Axolotl",1791,3514,1723,5,1
"/opt/build/repo/breeds/reptiles/ball-python.html","reptiles","Ball Python",1373,3134,1761,5,1
"/opt/build/repo/breeds/reptiles/bearded-dragon.html","reptiles","Bearded Dragon",1382,3143,1761,5,1
"/opt/build/repo/breeds/reptiles/black-throat-monitor.html","reptiles","Black Throat Monitor",1871,3670,1799,5,1
"/opt/build/repo/breeds/reptiles/blood-python.html","reptiles","Blood Python",1811,3572,1761,5,1
"/opt/build/repo/breeds/reptiles/blue-tongue-skink.html","reptiles","Blue Tongue Skink",1269,3068,1799,5,1
"/opt/build/repo/breeds/reptiles/boa-constrictor.html","reptiles","Boa Constrictor",1296,3057,1761,5,1
"/opt/build/repo/breeds/reptiles/box-turtle.html","reptiles","Box Turtle",1832,3593,1761,5,1
"/opt/build/repo/breeds/reptiles/brazilian-rainbow-boa.html","reptiles","Brazilian Rainbow Boa",1865,3664,1799,5,1
"/opt/build/repo/breeds/reptiles/bull-snake.html","reptiles","Bull Snake (Gopher Snake)",1302,3141,1839,5,1
"/opt/build/repo/breeds/reptiles/burmese-python.html","reptiles","Burmese Python",1818,3579,1761,5,1
"/opt/build/repo/breeds/reptiles/california-kingsnake.html","reptiles","California Kingsnake",1421,3228,1807,5,1
"/opt/build/repo/breeds/reptiles/carpet-python.html","reptiles","Carpet Python",1826,3587,1761,5,1
"/opt/build/repo/breeds/reptiles/chameleon.html","reptiles","Chameleon",1245,2976,1731,5,1
"/opt/build/repo/breeds/reptiles/childrens-python.html","reptiles","Childrens Python",1420,3227,1807,5,1
"/opt/build/repo/breeds/reptiles/chinese-water-dragon.html","reptiles","Chinese Water Dragon",1419,3232,1813,5,1
"/opt/build/repo/breeds/reptiles/corn-snake.html","reptiles","Corn Snake",1239,3000,1761,5,1
"/opt/build/repo/breeds/reptiles/crested-gecko.html","reptiles","Crested Gecko",1327,3088,1761,5,1
"/opt/build/repo/breeds/reptiles/dart-frog.html","reptiles","Dart Frog",1829,3590,1761,5,1
"/opt/build/repo/breeds/reptiles/eastern-newt.html","reptiles","Eastern Newt",1831,3592,1761,5,1
"/opt/build/repo/breeds/reptiles/electric-blue-gecko.html","reptiles","Electric Blue Day Gecko (Lygodactylus williamsi)",1569,3536,1967,5,1
"/opt/build/repo/breeds/reptiles/emerald-tree-boa.html","reptiles","Emerald Tree Boa",1448,3295,1847,5,1
"/opt/build/repo/breeds/reptiles/fire-bellied-newt.html","reptiles","Fire-Bellied Newt",1830,3591,1761,5,1
"/opt/build/repo/breeds/reptiles/fire-bellied-toad.html","reptiles","Fire-Bellied Toad",1833,3594,1761,5,1
"/opt/build/repo/breeds/reptiles/fire-salamander.html","reptiles","Fire Salamander",1833,3594,1761,5,1
"/opt/build/repo/breeds/reptiles/fire-skink.html","reptiles","Fire Skink",1826,3587,1761,5,1
"/opt/build/repo/breeds/reptiles/frilled-dragon.html","reptiles","Frilled Dragon (Frilled Neck Lizard)",1301,3178,1877,5,1
"/opt/build/repo/breeds/reptiles/gargoyle-gecko.html","reptiles","Gargoyle Gecko",1242,3005,1763,5,1
"/opt/build/repo/breeds/reptiles/garter-snake.html","reptiles","Garter Snake",1826,3587,1761,5,1
"/opt/build/repo/breeds/reptiles/giant-day-gecko.html","reptiles","Giant Day Gecko",1295,3094,1799,5,1
"/opt/build/repo/breeds/reptiles/gold-dust-day-gecko.html","reptiles","Gold Dust Day Gecko",1487,3374,1887,5,1
"/opt/build/repo/breeds/reptiles/greek-tortoise.html","reptiles","Greek Tortoise",1831,3592,1761,5,1
"/opt/build/repo/breeds/reptiles/green-iguana.html","reptiles","Green Iguana",1298,3059,1761,5,1
"/opt/build/repo/breeds/reptiles/green-tree-python.html","reptiles","Green Tree Python",1866,3665,1799,5,1
"/opt/build/repo/breeds/reptiles/hermann-tortoise.html","reptiles","Hermann's Tortoise",1817,3578,1761,5,1
"/opt/build/repo/breeds/reptiles/hognose-snake.html","reptiles","Hognose Snake",1816,3577,1761,5,1
"/opt/build/repo/breeds/reptiles/house-gecko.html","reptiles","House Gecko (Mediterranean Gecko)",1182,3019,1837,5,1
"/opt/build/repo/breeds/reptiles/jacksons-chameleon.html","reptiles","Jackson's Chameleon",1813,3574,1761,5,1
"/opt/build/repo/breeds/reptiles/kenyan-sand-boa.html","reptiles","Kenyan Sand Boa",1341,3140,1799,5,1
"/opt/build/repo/breeds/reptiles/king-snake.html","reptiles","King Snake",1157,2918,1761,5,1
"/opt/build/repo/breeds/reptiles/knob-tailed-gecko.html","reptiles","Knob-Tailed Gecko",1396,3203,1807,5,1
"/opt/build/repo/breeds/reptiles/leachianus-gecko.html","reptiles","Leachianus Gecko",1821,3582,1761,5,1
"/opt/build/repo/breeds/reptiles/leopard-gecko.html","reptiles","Leopard Gecko",1366,3127,1761,5,1
"/opt/build/repo/breeds/reptiles/leopard-tortoise.html","reptiles","Leopard Tortoise",1830,3591,1761,5,1
"/opt/build/repo/breeds/reptiles/long-tailed-lizard.html","reptiles","Long-Tailed Lizard",1822,3583,1761,5,1
"/opt/build/repo/breeds/reptiles/map-turtle.html","reptiles","Map Turtle",1818,3579,1761,5,1
"/opt/build/repo/breeds/reptiles/mexican-black-kingsnake.html","reptiles","Mexican Black Kingsnake",1464,3311,1847,5,1
"/opt/build/repo/breeds/reptiles/milk-snake.html","reptiles","Milk Snake",1822,3583,1761,5,1
"/opt/build/repo/breeds/reptiles/monitor-lizard.html","reptiles","Monitor Lizard",1218,2979,1761,5,1
"/opt/build/repo/breeds/reptiles/mourning-gecko.html","reptiles","Mourning Gecko",1254,3015,1761,5,1
"/opt/build/repo/breeds/reptiles/mud-turtle.html","reptiles","Mud Turtle",1831,3592,1761,5,1
"/opt/build/repo/breeds/reptiles/musk-turtle.html","reptiles","Musk Turtle",1822,3583,1761,5,1
"/opt/build/repo/breeds/reptiles/ornate-box-turtle.html","reptiles","Ornate Box Turtle",1867,3666,1799,5,1
"/opt/build/repo/breeds/reptiles/pacman-frog.html","reptiles","Pacman Frog",1841,3602,1761,5,1
"/opt/build/repo/breeds/reptiles/painted-turtle.html","reptiles","Painted Turtle",1835,3596,1761,5,1
"/opt/build/repo/breeds/reptiles/panther-chameleon.html","reptiles","Panther Chameleon",1798,3559,1761,5,1
"/opt/build/repo/breeds/reptiles/pine-snake.html","reptiles","Pine Snake",1830,3591,1761,5,1
"/opt/build/repo/breeds/reptiles/plated-lizard.html","reptiles","Sudan Plated Lizard",1298,3099,1801,5,1
"/opt/build/repo/breeds/reptiles/poison-dart-frog.html","reptiles","Poison Dart Frog",1891,3690,1799,5,1
"/opt/build/repo/breeds/reptiles/rainbow-boa.html","reptiles","Brazilian Rainbow Boa",1328,3127,1799,5,1
"/opt/build/repo/breeds/reptiles/rankins-dragon.html","reptiles","Rankin's Dragon",1806,3567,1761,5,1
"/opt/build/repo/breeds/reptiles/rat-snake.html","reptiles","Rat Snake",1303,3066,1763,5,1
"/opt/build/repo/breeds/reptiles/red-eared-slider.html","reptiles","Red-Eared Slider",1835,3596,1761,5,1
"/opt/build/repo/breeds/reptiles/red-eyed-tree-frog.html","reptiles","Red-Eyed Tree Frog",1863,3662,1799,5,1
"/opt/build/repo/breeds/reptiles/red-footed-tortoise.html","reptiles","Red-Footed Tortoise",1829,3590,1761,5,1
"/opt/build/repo/breeds/reptiles/reticulated-python.html","reptiles","Reticulated Python",1822,3583,1761,5,1
"/opt/build/repo/breeds/reptiles/ring-neck-snake.html","reptiles","Ring-Neck Snake",1824,3585,1761,5,1
"/opt/build/repo/breeds/reptiles/rosy-boa.html","reptiles","Rosy Boa",1807,3568,1761,5,1
"/opt/build/repo/breeds/reptiles/rough-green-snake.html","reptiles","Rough Green Snake",1334,3139,1805,5,1
"/opt/build/repo/breeds/reptiles/russian-tortoise.html","reptiles","Russian Tortoise",1817,3578,1761,5,1
"/opt/build/repo/breeds/reptiles/sailfin-dragon.html","reptiles","Sailfin Dragon (Philippine Sailfin Lizard)",1316,3191,1875,5,1
"/opt/build/repo/breeds/reptiles/satanic-leaf-tailed-gecko.html","reptiles","Satanic Leaf-Tailed Gecko",1430,3277,1847,5,1
"/opt/build/repo/breeds/reptiles/savannah-monitor.html","reptiles","Savannah Monitor",1814,3575,1761,5,1
"/opt/build/repo/breeds/reptiles/schneiders-skink.html","reptiles","Schneider's Skink",1809,3570,1761,5,1
"/opt/build/repo/breeds/reptiles/softshell-turtle.html","reptiles","Softshell Turtle",1822,3583,1761,5,1
"/opt/build/repo/breeds/reptiles/spotted-python.html","reptiles","Spotted Python",1420,3227,1807,5,1
"/opt/build/repo/breeds/reptiles/sulcata-tortoise.html","reptiles","Sulcata Tortoise",1835,3596,1761,5,1
"/opt/build/repo/breeds/reptiles/tegu.html","reptiles","Tegu",1186,2909,1723,5,1
"/opt/build/repo/breeds/reptiles/tiger-salamander.html","reptiles","Tiger Salamander",1831,3592,1761,5,1
"/opt/build/repo/breeds/reptiles/tokay-gecko.html","reptiles","Tokay Gecko",1322,3085,1763,5,1
"/opt/build/repo/breeds/reptiles/tomato-frog.html","reptiles","Tomato Frog",1815,3576,1761,5,1
"/opt/build/repo/breeds/reptiles/tree-frog.html","reptiles","Green Tree Frog",1858,3657,1799,5,1
"/opt/build/repo/breeds/reptiles/uromastyx.html","reptiles","Uromastyx",1202,2925,1723,5,1
"/opt/build/repo/breeds/reptiles/veiled-chameleon.html","reptiles","Veiled Chameleon",1824,3585,1761,5,1
"/opt/build/repo/breeds/reptiles/vine-snake.html","reptiles","Vine Snake",1821,3582,1761,5,1
"/opt/build/repo/breeds/reptiles/western-hognose.html","reptiles","Western Hognose Snake",1468,3315,1847,5,1
"/opt/build/repo/breeds/reptiles/whites-tree-frog.html","reptiles","White's Tree Frog",1870,3669,1799,5,1
"/opt/build/repo/breeds/reptiles/woma-python.html","reptiles","Woma Python",1395,3202,1807,5,1
"/opt/build/repo/breeds/reptiles/wood-turtle.html","reptiles","Wood Turtle",1810,3571,1761,5,1
"/opt/build/repo/breeds/amphibians/african-clawed-frog.html","amphibians","African Clawed Frog",2001,3838,1837,5,1
"/opt/build/repo/breeds/amphibians/african-dwarf-frog.html","amphibians","African Dwarf Frog",2031,3868,1837,5,1
"/opt/build/repo/breeds/amphibians/american-bullfrog.html","amphibians","American Bullfrog",2056,3861,1805,5,1
"/opt/build/repo/breeds/amphibians/axolotl.html","amphibians","Axolotl",1946,3703,1757,5,1
"/opt/build/repo/breeds/amphibians/budgetts-frog.html","amphibians","Budgett's Frog (Hippo Frog)",2087,3964,1877,5,1
"/opt/build/repo/breeds/amphibians/chinese-fire-belly-newt.html","amphibians","Chinese Fire Belly Newt",2081,3958,1877,5,1
"/opt/build/repo/breeds/amphibians/dart-frog.html","amphibians","Dart Frog (Dendrobatidae)",2071,3908,1837,5,1
"/opt/build/repo/breeds/amphibians/eastern-newt.html","amphibians","Eastern Newt",1992,3789,1797,5,1
"/opt/build/repo/breeds/amphibians/fire-bellied-newt.html","amphibians","Fire-Bellied Newt",1998,3795,1797,5,1
"/opt/build/repo/breeds/amphibians/fire-bellied-toad.html","amphibians","Fire-Bellied Toad",2019,3816,1797,5,1
"/opt/build/repo/breeds/amphibians/fire-salamander.html","amphibians","Fire Salamander",2022,3819,1797,5,1
"/opt/build/repo/breeds/amphibians/gray-tree-frog.html","amphibians","Gray Tree Frog",2044,3881,1837,5,1
"/opt/build/repo/breeds/amphibians/green-tree-frog.html","amphibians","American Green Tree Frog",2061,3938,1877,5,1
"/opt/build/repo/breeds/amphibians/pacman-frog.html","amphibians","Pacman Frog (Ceratophrys)",2055,3892,1837,5,1
"/opt/build/repo/breeds/amphibians/red-eyed-tree-frog.html","amphibians","Red-Eyed Tree Frog",2068,3905,1837,5,1
"/opt/build/repo/breeds/amphibians/spring-peeper.html","amphibians","Spring Peeper",2030,3827,1797,5,1
"/opt/build/repo/breeds/amphibians/surinam-toad.html","amphibians","Surinam Toad",1985,3782,1797,5,1
"/opt/build/repo/breeds/amphibians/tiger-salamander.html","amphibians","Tiger Salamander",2019,3816,1797,5,1
"/opt/build/repo/breeds/amphibians/tomato-frog.html","amphibians","Tomato Frog",1995,3792,1797,5,1
"/opt/build/repo/breeds/amphibians/whites-tree-frog.html","amphibians","White's Tree Frog (Dumpy Frog)",2123,4040,1917,5,1
"/opt/build/repo/breeds/small-animals/abyssinian-guinea-pig.html","small-animals","Abyssinian Guinea Pig",1249,3061,1812,5,1
"/opt/build/repo/breeds/small-animals/african-pygmy-hedgehog.html","small-animals","African Pygmy Hedgehog",1391,3255,1864,5,1
"/opt/build/repo/breeds/small-animals/american-guinea-pig.html","small-animals","American Guinea Pig",1470,3282,1812,5,1
"/opt/build/repo/breeds/small-animals/american-rabbit.html","small-animals","American Rabbit",1902,3716,1814,4,2
"/opt/build/repo/breeds/small-animals/angora-rabbit.html","small-animals","Angora Rabbit",1394,3210,1816,5,1
"/opt/build/repo/breeds/small-animals/baldwin-guinea-pig.html","small-animals","Baldwin Guinea Pig",1941,3803,1862,4,2
"/opt/build/repo/breeds/small-animals/californian-rabbit.html","small-animals","Californian Rabbit",1900,3714,1814,4,2
"/opt/build/repo/breeds/small-animals/chinchilla-mutations.html","small-animals","Chinchilla (Color Mutations)",1899,3759,1860,4,2
"/opt/build/repo/breeds/small-animals/chinchilla-standard-gray.html","small-animals","Standard Gray Chinchilla",1899,3759,1860,4,2
"/opt/build/repo/breeds/small-animals/chinchilla.html","small-animals","Chinchilla",1262,2982,1720,5,1
"/opt/build/repo/breeds/small-animals/chinese-hamster.html","small-animals","Chinese Hamster",1201,2967,1766,5,1
"/opt/build/repo/breeds/small-animals/continental-giant.html","small-animals","Continental Giant Rabbit",1943,3804,1861,4,2
"/opt/build/repo/breeds/small-animals/coronet-guinea-pig.html","small-animals","Coronet Guinea Pig",1956,3818,1862,4,2
"/opt/build/repo/breeds/small-animals/degu.html","small-animals","Degu",1825,3591,1766,4,2
"/opt/build/repo/breeds/small-animals/dumbo-rat.html","small-animals","Dumbo Rat",1872,3684,1812,4,2
"/opt/build/repo/breeds/small-animals/dutch-rabbit.html","small-animals","Dutch Rabbit",1903,3717,1814,4,2
"/opt/build/repo/breeds/small-animals/dwarf-campbell.html","small-animals","Campbell's Dwarf Hamster",1919,3780,1861,4,2
"/opt/build/repo/breeds/small-animals/dwarf-hamster.html","small-animals","Dwarf Hamster (Campbell's &amp; Winter White)",1272,3176,1904,5,1
"/opt/build/repo/breeds/small-animals/dwarf-hotot.html","small-animals","Dwarf Hotot Rabbit",1941,3802,1861,4,2
"/opt/build/repo/breeds/small-animals/emperor-scorpion.html","small-animals","Emperor Scorpion",1412,3228,1816,5,1
"/opt/build/repo/breeds/small-animals/english-angora.html","small-animals","English Angora Rabbit",1933,3794,1861,4,2
"/opt/build/repo/breeds/small-animals/english-lop.html","small-animals","English Lop Rabbit",1932,3793,1861,4,2
"/opt/build/repo/breeds/small-animals/fancy-mouse.html","small-animals","Fancy Mouse",1871,3684,1813,4,2
"/opt/build/repo/breeds/small-animals/fancy-rat.html","small-animals","Fancy Rat",1885,3697,1812,4,2
"/opt/build/repo/breeds/small-animals/fennec-fox.html","small-animals","Fennec Fox",1399,3219,1820,5,1
"/opt/build/repo/breeds/small-animals/ferret-albino.html","small-animals","Albino Ferret",1851,3664,1813,4,2
"/opt/build/repo/breeds/small-animals/ferret-sable.html","small-animals","Sable Ferret",1864,3677,1813,4,2
"/opt/build/repo/breeds/small-animals/ferret.html","small-animals","Ferret",1160,2880,1720,5,1
"/opt/build/repo/breeds/small-animals/flemish-giant.html","small-animals","Flemish Giant Rabbit",1347,3135,1788,6,0
"/opt/build/repo/breeds/small-animals/flying-squirrel.html","small-animals","Sugar Glider / Flying Squirrel",1963,3917,1954,4,2
"/opt/build/repo/breeds/small-animals/french-lop.html","small-animals","French Lop Rabbit",1926,3787,1861,4,2
"/opt/build/repo/breeds/small-animals/gerbil.html","small-animals","Gerbil",1815,3581,1766,4,2
"/opt/build/repo/breeds/small-animals/giant-african-land-snail.html","small-animals","Giant African Land Snail",1458,3370,1912,5,1
"/opt/build/repo/breeds/small-animals/hairless-rat.html","small-animals","Hairless Rat",1888,3700,1812,4,2
"/opt/build/repo/breeds/small-animals/harlequin-rabbit.html","small-animals","Harlequin Rabbit",1899,3713,1814,4,2
"/opt/build/repo/breeds/small-animals/hedgehog.html","small-animals","African Pygmy Hedgehog",1158,3000,1842,5,1
"/opt/build/repo/breeds/small-animals/hermit-crab-pet.html","small-animals","Hermit Crab (Land)",1408,3272,1864,5,1
"/opt/build/repo/breeds/small-animals/hissing-cockroach.html","small-animals","Madagascar Hissing Cockroach",1400,3264,1864,5,1
"/opt/build/repo/breeds/small-animals/holland-lop.html","small-animals","Holland Lop Rabbit",1397,3209,1812,5,1
"/opt/build/repo/breeds/small-animals/jersey-wooly.html","small-animals","Jersey Wooly Rabbit",1447,3311,1864,5,1
"/opt/build/repo/breeds/small-animals/lionhead.html","small-animals","Lionhead Rabbit",1203,2969,1766,5,1
"/opt/build/repo/breeds/small-animals/long-haired-hamster.html","small-animals","Long-Haired (Teddy Bear) Hamster",1460,3372,1912,5,1
"/opt/build/repo/breeds/small-animals/mini-lop.html","small-animals","Mini Lop Rabbit",1944,3805,1861,4,2
"/opt/build/repo/breeds/small-animals/mini-rex.html","small-animals","Mini Rex Rabbit",1326,3138,1812,5,1
"/opt/build/repo/breeds/small-animals/mongolian-gerbil.html","small-animals","Mongolian Gerbil",1854,3667,1813,4,2
"/opt/build/repo/breeds/small-animals/mouse.html","small-animals","Pet Mouse",1871,3684,1813,4,2
"/opt/build/repo/breeds/small-animals/netherland-dwarf.html","small-animals","Netherland Dwarf Rabbit",1264,3077,1813,5,1
"/opt/build/repo/breeds/small-animals/new-zealand-white.html","small-animals","New Zealand White Rabbit",1964,3872,1908,4,2
"/opt/build/repo/breeds/small-animals/peruvian-guinea-pig.html","small-animals","Peruvian Guinea Pig",1338,3151,1813,5,1
"/opt/build/repo/breeds/small-animals/polish-rabbit.html","small-animals","Polish Rabbit",1886,3700,1814,4,2
"/opt/build/repo/breeds/small-animals/prairie-dog.html","small-animals","Prairie Dog",1855,3668,1813,4,2
"/opt/build/repo/breeds/small-animals/rat.html","small-animals","Pet Rat",1887,3699,1812,4,2
"/opt/build/repo/breeds/small-animals/rex-guinea-pig.html","small-animals","Rex Guinea Pig",1430,3294,1864,5,1
"/opt/build/repo/breeds/small-animals/rex-rabbit.html","small-animals","Rex Rabbit",1886,3700,1814,4,2
"/opt/build/repo/breeds/small-animals/roborovski-hamster.html","small-animals","Roborovski Hamster",1259,3047,1788,5,1
"/opt/build/repo/breeds/small-animals/short-tailed-opossum.html","small-animals","Short-Tailed Opossum",1392,3208,1816,5,1
"/opt/build/repo/breeds/small-animals/silkie-guinea-pig.html","small-animals","Silkie Guinea Pig",1956,3818,1862,4,2
"/opt/build/repo/breeds/small-animals/skinny-pig.html","small-animals","Skinny Pig (Hairless Guinea Pig)",1290,3242,1952,4,2
"/opt/build/repo/breeds/small-animals/stick-insect.html","small-animals","Stick Insect (Walking Stick)",1458,3370,1912,5,1
"/opt/build/repo/breeds/small-animals/sugar-glider.html","small-animals","Sugar Glider",1174,2950,1776,5,1
"/opt/build/repo/breeds/small-animals/syrian-hamster.html","small-animals","Syrian Hamster (Golden Hamster)",1352,3210,1858,5,1
"/opt/build/repo/breeds/small-animals/tarantula.html","small-animals","Tarantula",1369,3141,1772,5,1
"/opt/build/repo/breeds/small-animals/teddy-guinea-pig.html","small-animals","Teddy Guinea Pig",1275,3090,1815,5,1
"/opt/build/repo/breeds/small-animals/texel-guinea-pig.html","small-animals","Texel Guinea Pig",1954,3816,1862,4,2
"/opt/build/repo/breeds/small-animals/white-crested-guinea-pig.html","small-animals","White Crested Guinea Pig",1992,3901,1909,4,2
"/opt/build/repo/breeds/small-animals/winter-white.html","small-animals","Winter White Dwarf Hamster",1956,3864,1908,4,2